id,first_name,last_name,email,gender,make
1,Bailie,Smalecombe,bsmalecombe0@cnbc.com,Male,Buick
2,Phebe,Nester,pnester1@msn.com,Female,Infiniti
3,Fifi,Nicholas,fnicholas2@addtoany.com,Female,Chevrolet
4,Ring,Hambric,rhambric3@weebly.com,Male,Mitsubishi
5,Astrix,Ingleston,aingleston4@salon.com,Female,Isuzu
6,Sydney,Sinkings,ssinkings5@dropbox.com,Female,Honda
7,Tedie,Skitral,tskitral6@google.de,Male,Chevrolet
8,Daren,Kisbee,dkisbee7@sakura.ne.jp,Male,Ford
9,Sissy,Gianni,sgianni8@cdbaby.com,Female,Hummer
10,Ollie,Lloyd-Williams,olloydwilliams9@booking.com,Female,Volkswagen
11,Livvy,Kemetz,lkemetza@goo.ne.jp,Female,Chevrolet
12,Siegfried,Clotworthy,sclotworthyb@about.me,Male,Volkswagen
13,Spense,Guitonneau,sguitonneauc@flavors.me,Male,Mercedes-Benz
14,Robbin,Gilleon,rgilleond@noaa.gov,Female,Nissan
15,Fulton,Blakden,fblakdene@google.ru,Male,Mitsubishi
16,Desi,Pinchbeck,dpinchbeckf@typepad.com,Male,Suzuki
17,Hanan,Carress,hcarressg@sphinn.com,Male,Ford
18,Cyrille,Savil,csavilh@cbsnews.com,Male,GMC
19,Kaspar,Blatcher,kblatcheri@omniture.com,Male,Mazda
20,Anetta,Itzak,aitzakj@feedburner.com,Female,Volkswagen
21,Stephie,Glasscoe,sglasscoek@narod.ru,Female,Subaru
22,Ruth,Symmers,rsymmersl@csmonitor.com,Female,Lexus
23,Torrence,Dreier,tdreierm@slashdot.org,Male,GMC
24,Hilary,Laundon,hlaundonn@reuters.com,Female,Chevrolet
25,Emyle,Hardman,ehardmano@devhub.com,Female,GMC
26,Jacky,Woodfin,jwoodfinp@mail.ru,Female,Maserati
27,Emery,Kubyszek,ekubyszekq@ow.ly,Male,Pontiac
28,Currey,Sirette,csiretter@weibo.com,Male,Chevrolet
29,Merle,Mussalli,mmussallis@squidoo.com,Male,Kia
30,Elayne,Blanpein,eblanpeint@w3.org,Female,Suzuki
31,Blinnie,Larmour,blarmouru@sciencedaily.com,Female,Ford
32,Shirline,Pryor,spryorv@nbcnews.com,Female,Ford
33,Grannie,Crudgington,gcrudgingtonw@springer.com,Male,Cadillac
34,Judas,Darling,jdarlingx@zdnet.com,Male,Mazda
35,Dayna,Edmenson,dedmensony@mapy.cz,Female,Ford
36,Marabel,Fishpool,mfishpoolz@businesswire.com,Female,Lexus
37,Derwin,Calbert,dcalbert10@wired.com,Male,Mitsubishi
38,Mollie,Izhaky,mizhaky11@wikispaces.com,Female,Dodge
39,Darwin,Chinnock,dchinnock12@tmall.com,Male,Mercury
40,Kimball,Kleimt,kkleimt13@domainmarket.com,Male,GMC
41,Roldan,Stanway,rstanway14@google.nl,Male,Chevrolet
42,Darice,Obell,dobell15@nifty.com,Female,Acura
43,Conney,Philpot,cphilpot16@smugmug.com,Male,Dodge
44,Livvy,Fend,lfend17@tinypic.com,Female,GMC
45,Carce,Diboll,cdiboll18@smugmug.com,Male,Chevrolet
46,Rodrique,Hebble,rhebble19@com.com,Male,GMC
47,Niccolo,Baldwin,nbaldwin1a@indiegogo.com,Male,Pontiac
48,Rena,Kenealy,rkenealy1b@phoca.cz,Female,Chevrolet
49,Jelene,Breslin,jbreslin1c@booking.com,Female,Chevrolet
50,Aaron,Joutapavicius,ajoutapavicius1d@google.co.uk,Male,BMW
51,Shoshanna,Flay,sflay1e@storify.com,Female,Mazda
52,Adore,Simes,asimes1f@parallels.com,Female,Ford
53,Morgun,Wescott,mwescott1g@ocn.ne.jp,Male,Honda
54,Nicki,Chittie,nchittie1h@rambler.ru,Female,Maserati
55,Hansiain,Reburn,hreburn1i@hexun.com,Male,Geo
56,Gwenette,Grimwad,ggrimwad1j@google.es,Female,GMC
57,Tyler,Parkes,tparkes1k@state.gov,Male,Hyundai
58,Shurlocke,Scarasbrick,sscarasbrick1l@abc.net.au,Male,Subaru
59,Debi,Kolis,dkolis1m@google.cn,Female,Chevrolet
60,Benedikta,Findley,bfindley1n@bing.com,Female,Mazda
61,Ede,Comelli,ecomelli1o@vk.com,Female,Dodge
62,Justis,Lanaway,jlanaway1p@posterous.com,Male,BMW
63,Perice,Clemenzi,pclemenzi1q@bluehost.com,Male,Mercedes-Benz
64,Abran,Dorton,adorton1r@kickstarter.com,Male,Mitsubishi
65,Marget,Ince,mince1s@merriam-webster.com,Female,Oldsmobile
66,Reeba,Duley,rduley1t@forbes.com,Female,Audi
67,Saidee,Miguet,smiguet1u@yahoo.com,Female,Lexus
68,Rona,Hullot,rhullot1v@webs.com,Female,Chrysler
69,Sashenka,Regler,sregler1w@digg.com,Female,Porsche
70,Kelsey,Kinforth,kkinforth1x@mail.ru,Male,Jaguar
71,Kevon,Blinde,kblinde1y@earthlink.net,Male,Ferrari
72,Roze,Huddles,rhuddles1z@ibm.com,Female,Pontiac
73,Dalt,Jebb,djebb20@weather.com,Male,Maserati
74,Vassily,Yegoshin,vyegoshin21@yellowbook.com,Male,BMW
75,Marin,Derkes,mderkes22@so-net.ne.jp,Female,Subaru
76,Oswald,Lethibridge,olethibridge23@microsoft.com,Male,Scion
77,Laurella,Piercey,lpiercey24@sciencedaily.com,Female,Audi
78,Briant,Cammocke,bcammocke25@live.com,Male,Jeep
79,Hoebart,Kippax,hkippax26@google.pl,Male,BMW
80,Archy,Chillistone,achillistone27@xing.com,Male,Austin
81,Clare,Cawthorne,ccawthorne28@marketwatch.com,Female,Infiniti
82,Delainey,Di Bartolommeo,ddibartolommeo29@reuters.com,Male,Dodge
83,Augustine,Lovelady,alovelady2a@digg.com,Male,Ford
84,Benoit,Regglar,bregglar2b@bbc.co.uk,Male,Toyota
85,Pavlov,Djorvic,pdjorvic2c@tiny.cc,Male,Toyota
86,Jacobo,Steffans,jsteffans2d@huffingtonpost.com,Male,Nissan
87,Etheline,Fathers,efathers2e@aol.com,Female,Mitsubishi
88,Fayina,MacShirie,fmacshirie2f@shutterfly.com,Female,Mercedes-Benz
89,Sylvan,Hargerie,shargerie2g@qq.com,Male,Scion
90,Liam,Juppe,ljuppe2h@jiathis.com,Male,Mazda
91,Neysa,Manterfield,nmanterfield2i@seattletimes.com,Female,Ford
92,Cordula,Gotcliff,cgotcliff2j@gov.uk,Female,Cadillac
93,Ambrose,Cleyne,acleyne2k@feedburner.com,Male,Mercedes-Benz
94,Joye,Liverock,jliverock2l@springer.com,Female,Buick
95,Heriberto,Workes,hworkes2m@washington.edu,Male,Land Rover
96,Allissa,Fairy,afairy2n@seesaa.net,Female,GMC
97,Gilberta,Kornousek,gkornousek2o@youku.com,Female,Mitsubishi
98,Maureene,De Andisie,mdeandisie2p@tmall.com,Female,Oldsmobile
99,Valerie,Smeuin,vsmeuin2q@ow.ly,Female,Chevrolet
100,Meggy,Clewett,mclewett2r@nih.gov,Female,Ford
101,Lona,Dudin,ldudin2s@hubpages.com,Female,Toyota
102,Mellie,Fee,mfee2t@who.int,Female,Saturn
103,Jobi,Obal,jobal2u@eepurl.com,Female,Jeep
104,Jeanine,Wisbey,jwisbey2v@discovery.com,Female,GMC
105,Sauveur,Pendrick,spendrick2w@intel.com,Male,Spyker
106,Gene,Kalaher,gkalaher2x@fda.gov,Male,Dodge
107,Korrie,Ellerby,kellerby2y@jugem.jp,Female,Chrysler
108,Lucinda,Filgate,lfilgate2z@canalblog.com,Female,Pontiac
109,Remington,Pane,rpane30@prnewswire.com,Male,GMC
110,Bronnie,Dairton,bdairton31@blogs.com,Male,Nissan
111,Sumner,McCahey,smccahey32@fastcompany.com,Male,Chevrolet
112,Petey,Elie,pelie33@eventbrite.com,Male,Mitsubishi
113,Matthieu,Meddows,mmeddows34@hubpages.com,Male,Ford
114,Troy,Opy,topy35@constantcontact.com,Male,Mazda
115,Mirna,Spittles,mspittles36@accuweather.com,Female,Infiniti
116,Jenica,Magrannell,jmagrannell37@dailymail.co.uk,Female,Dodge
117,Arel,Knell,aknell38@buzzfeed.com,Male,Buick
118,Johna,Sterland,jsterland39@cpanel.net,Female,Hyundai
119,Carmine,Kinnard,ckinnard3a@rediff.com,Male,BMW
120,Tony,O'Doherty,todoherty3b@hatena.ne.jp,Male,Dodge
121,Garvy,Shoobridge,gshoobridge3c@ibm.com,Male,Mercury
122,Arleta,Launchbury,alaunchbury3d@tripod.com,Female,Chevrolet
123,Torr,Derham,tderham3e@digg.com,Male,Lexus
124,Alidia,De Biaggi,adebiaggi3f@a8.net,Female,Cadillac
125,Ev,Baum,ebaum3g@smugmug.com,Male,Mitsubishi
126,Dannel,Sheaber,dsheaber3h@fda.gov,Male,Mitsubishi
127,Tomlin,Haldon,thaldon3i@addthis.com,Male,Pontiac
128,Lacie,Kernar,lkernar3j@ameblo.jp,Female,Mazda
129,Cello,Wawer,cwawer3k@tinyurl.com,Male,Jeep
130,Zacharia,Gecks,zgecks3l@cisco.com,Male,Mazda
131,Katina,Klaassens,kklaassens3m@yelp.com,Female,Isuzu
132,Frayda,Beall,fbeall3n@pbs.org,Female,BMW
133,Stuart,MacBain,smacbain3o@topsy.com,Male,BMW
134,Brittney,Cyseley,bcyseley3p@yandex.ru,Female,Aston Martin
135,Hill,January,hjanuary3q@loc.gov,Male,Nissan
136,Briant,Menauteau,bmenauteau3r@un.org,Male,Mercury
137,Tobe,Cressar,tcressar3s@cpanel.net,Male,Ferrari
138,George,Curtain,gcurtain3t@soundcloud.com,Female,Dodge
139,Rossie,Greenall,rgreenall3u@uol.com.br,Male,Mercury
140,Martie,MacAdam,mmacadam3v@altervista.org,Male,Honda
141,Lilian,Sivyer,lsivyer3w@is.gd,Female,Aston Martin
142,Wilhelm,Pates,wpates3x@yahoo.com,Male,Infiniti
143,Eldon,Jobin,ejobin3y@ucla.edu,Male,Nissan
144,Larina,Laughton,llaughton3z@statcounter.com,Female,Dodge
145,Lynett,Hadenton,lhadenton40@hud.gov,Female,Dodge
146,Duffie,Edmott,dedmott41@wordpress.org,Male,Dodge
147,Angel,Scarce,ascarce42@multiply.com,Male,Suzuki
148,Renaud,Yarnold,ryarnold43@a8.net,Male,Dodge
149,Kaja,Gilfoy,kgilfoy44@studiopress.com,Female,Plymouth
150,Gearalt,MacIlraith,gmacilraith45@parallels.com,Male,Saab
151,Ruperto,Keelan,rkeelan46@dot.gov,Male,Ford
152,Lukas,Mateev,lmateev47@amazon.co.uk,Male,Audi
153,Baryram,Vannuccinii,bvannuccinii48@ucoz.ru,Male,Mercury
154,Vanya,Van Oord,vvanoord49@goodreads.com,Male,Pontiac
155,Dianemarie,Dowda,ddowda4a@time.com,Female,Pontiac
156,Arlie,Swancott,aswancott4b@apache.org,Female,Saturn
157,Daveta,Repper,drepper4c@umich.edu,Female,Mazda
158,Tammie,Taffie,ttaffie4d@joomla.org,Female,Ford
159,Evvie,Penning,epenning4e@wufoo.com,Female,Cadillac
160,Nicolai,Morin,nmorin4f@mediafire.com,Male,Mitsubishi
161,Orion,Torn,otorn4g@jugem.jp,Male,Subaru
162,Gretal,Greenly,ggreenly4h@csmonitor.com,Female,GMC
163,Mab,Sadat,msadat4i@unblog.fr,Female,BMW
164,Rianon,Weeke,rweeke4j@meetup.com,Female,Nissan
165,Lorri,Lott,llott4k@nih.gov,Female,Toyota
166,Thomasine,Rubee,trubee4l@timesonline.co.uk,Female,GMC
167,Ondrea,Huniwall,ohuniwall4m@vkontakte.ru,Female,Hummer
168,Ingrid,Dowdam,idowdam4n@blogs.com,Female,Infiniti
169,Raddy,Maasze,rmaasze4o@hugedomains.com,Male,Dodge
170,Greer,Dumphries,gdumphries4p@photobucket.com,Female,Chevrolet
171,Jacobo,Waddy,jwaddy4q@nhs.uk,Male,BMW
172,Lacee,Yeo,lyeo4r@deviantart.com,Female,Pontiac
173,Agna,Goede,agoede4s@tinyurl.com,Female,GMC
174,Orrin,Prettjohn,oprettjohn4t@nih.gov,Male,Chevrolet
175,Anallese,Mulroy,amulroy4u@hud.gov,Female,Chevrolet
176,Verne,Harsant,vharsant4v@furl.net,Male,Cadillac
177,Courtney,Macrow,cmacrow4w@canalblog.com,Female,Bentley
178,Lesya,Frackiewicz,lfrackiewicz4x@deviantart.com,Female,Lotus
179,Kathie,Bernli,kbernli4y@imdb.com,Female,Volkswagen
180,Margeaux,Oene,moene4z@bbc.co.uk,Female,Suzuki
181,Garek,Hallows,ghallows50@narod.ru,Male,Volkswagen
182,Holli,Barday,hbarday51@comsenz.com,Female,Toyota
183,Cloris,Tratton,ctratton52@wisc.edu,Female,Saab
184,Adlai,Reckus,areckus53@ftc.gov,Male,Hyundai
185,Brent,MacRitchie,bmacritchie54@google.nl,Male,Dodge
186,Garey,Basant,gbasant55@wufoo.com,Male,Audi
187,Shani,Hatfull,shatfull56@businesswire.com,Female,Honda
188,Octavius,Canet,ocanet57@blogspot.com,Male,Honda
189,Mimi,Noor,mnoor58@lycos.com,Female,Chevrolet
190,Juditha,Norbury,jnorbury59@blogspot.com,Female,Jeep
191,Galvin,Maase,gmaase5a@cbsnews.com,Male,Mercedes-Benz
192,Simona,Gravells,sgravells5b@digg.com,Female,Nissan
193,Hilton,Munks,hmunks5c@simplemachines.org,Male,Maybach
194,Sapphira,Overall,soverall5d@elpais.com,Female,Mitsubishi
195,Deonne,Liddicoat,dliddicoat5e@theatlantic.com,Female,Ford
196,Freddie,Jarvie,fjarvie5f@amazon.de,Male,Mitsubishi
197,Zachariah,Byforth,zbyforth5g@japanpost.jp,Male,Ford
198,Dov,Biddulph,dbiddulph5h@miitbeian.gov.cn,Male,Hyundai
199,Janice,Licquorish,jlicquorish5i@wikia.com,Female,Hyundai
200,Giana,Howlin,ghowlin5j@about.com,Female,Dodge
201,Brett,Balsellie,bbalsellie5k@123-reg.co.uk,Female,Chevrolet
202,Temple,MacLese,tmaclese5l@chicagotribune.com,Male,Ford
203,Sinclare,Camel,scamel5m@marriott.com,Male,Mercedes-Benz
204,Ealasaid,Ribou,eribou5n@netvibes.com,Female,Cadillac
205,Kaine,Sawood,ksawood5o@engadget.com,Male,Mercury
206,Sydney,Dolphin,sdolphin5p@go.com,Female,Mercedes-Benz
207,Jose,Rockcliff,jrockcliff5q@un.org,Male,Mitsubishi
208,Octavia,Derby,oderby5r@google.fr,Female,Isuzu
209,Nari,Dimmick,ndimmick5s@1688.com,Female,Subaru
210,Kelbee,Schaffel,kschaffel5t@privacy.gov.au,Male,Dodge
211,Isadora,Michelotti,imichelotti5u@boston.com,Female,Ford
212,Emmaline,Slocket,eslocket5v@yellowbook.com,Female,Chrysler
213,Liam,Maudlen,lmaudlen5w@wsj.com,Male,Lincoln
214,Leontine,Shone,lshone5x@unicef.org,Female,GMC
215,Liv,Isack,lisack5y@netlog.com,Female,Kia
216,Ileana,Brussell,ibrussell5z@admin.ch,Female,Volkswagen
217,Frankie,Fishlee,ffishlee60@jimdo.com,Male,Suzuki
218,Maddie,Morena,mmorena61@google.fr,Female,Dodge
219,Anabel,Palister,apalister62@sina.com.cn,Female,Mercury
220,Constantia,Lemary,clemary63@reddit.com,Female,Plymouth
221,Duffie,Sedgebeer,dsedgebeer64@pcworld.com,Male,Mitsubishi
222,Kimble,Goodhay,kgoodhay65@cbsnews.com,Male,Jeep
223,Lyn,Dalmon,ldalmon66@xing.com,Female,Saab
224,Sonnie,Westmacott,swestmacott67@omniture.com,Male,Audi
225,Rosalinde,Rigby,rrigby68@uiuc.edu,Female,Infiniti
226,Cordie,Seydlitz,cseydlitz69@virginia.edu,Female,Volkswagen
227,Consuelo,Casajuana,ccasajuana6a@mysql.com,Female,Chevrolet
228,Cullen,Llywarch,cllywarch6b@1688.com,Male,Chevrolet
229,Randee,Bourdel,rbourdel6c@aol.com,Female,Porsche
230,Efren,Southworth,esouthworth6d@imageshack.us,Male,Ford
231,Elle,Dener,edener6e@un.org,Female,Pontiac
232,Erie,Reiach,ereiach6f@usatoday.com,Male,Volvo
233,Nellie,Craisford,ncraisford6g@ameblo.jp,Female,Dodge
234,Ferrel,Blackader,fblackader6h@netscape.com,Male,Chevrolet
235,Sibeal,Moens,smoens6i@jalbum.net,Female,Cadillac
236,Tudor,Itzchaki,titzchaki6j@google.pl,Male,Suzuki
237,Barney,Teligin,bteligin6k@mlb.com,Male,Chevrolet
238,Kale,Hessel,khessel6l@sina.com.cn,Male,GMC
239,Lillian,Corington,lcorington6m@ovh.net,Female,Ford
240,Gualterio,Tevlin,gtevlin6n@tiny.cc,Male,Aston Martin
241,Tybi,Leavy,tleavy6o@barnesandnoble.com,Female,Chevrolet
242,Kelby,Latek,klatek6p@ning.com,Male,Suzuki
243,Alexa,Rablan,arablan6q@rakuten.co.jp,Female,Dodge
244,Marlow,Queree,mqueree6r@samsung.com,Male,Ford
245,Van,Pinnijar,vpinnijar6s@samsung.com,Male,Mazda
246,Pascale,Moncaster,pmoncaster6t@scientificamerican.com,Male,Mercury
247,Duane,Bradman,dbradman6u@fda.gov,Male,Suzuki
248,Tam,Parramore,tparramore6v@google.nl,Male,Volkswagen
249,Amalle,Willis,awillis6w@cpanel.net,Female,Pontiac
250,Andre,Gomar,agomar6x@amazonaws.com,Male,BMW
251,Fredericka,Hadye,fhadye6y@163.com,Female,GMC
252,Roma,Chartres,rchartres6z@constantcontact.com,Male,Jeep
253,Tobye,Suddell,tsuddell70@thetimes.co.uk,Female,Volkswagen
254,Melanie,Jacquemot,mjacquemot71@hugedomains.com,Female,Volkswagen
255,Carolee,Metzel,cmetzel72@pen.io,Female,Lincoln
256,Chicky,Harsnipe,charsnipe73@creativecommons.org,Female,Ford
257,Conni,Skullet,cskullet74@icio.us,Female,Toyota
258,Myrlene,Duckerin,mduckerin75@over-blog.com,Female,GMC
259,Kaycee,Scotford,kscotford76@mail.ru,Female,Ford
260,Allissa,Ingre,aingre77@i2i.jp,Female,Suzuki
261,Vikki,Mingaye,vmingaye78@google.com,Female,Lincoln
262,Jodie,Arter,jarter79@cpanel.net,Male,Audi
263,Brandyn,Stealfox,bstealfox7a@wikipedia.org,Male,Buick
264,Muhammad,Brussell,mbrussell7b@cbslocal.com,Male,Dodge
265,Wernher,Cosby,wcosby7c@msu.edu,Male,Land Rover
266,Lainey,Garlinge,lgarlinge7d@eventbrite.com,Female,Mazda
267,Pepillo,Siddell,psiddell7e@etsy.com,Male,Honda
268,Serge,Buterton,sbuterton7f@sourceforge.net,Male,Ford
269,Tanney,Mill,tmill7g@arizona.edu,Male,Isuzu
270,Gran,Theakston,gtheakston7h@etsy.com,Male,Volvo
271,Lonny,Cains,lcains7i@shutterfly.com,Male,Mitsubishi
272,Tallie,Tizard,ttizard7j@sogou.com,Female,Geo
273,Hanan,Wellum,hwellum7k@blogger.com,Male,Mitsubishi
274,Matti,Ingyon,mingyon7l@bigcartel.com,Female,Hyundai
275,Ellerey,Dymick,edymick7m@omniture.com,Male,Aston Martin
276,Abby,Harker,aharker7n@oaic.gov.au,Female,Mercedes-Benz
277,Donavon,Shackesby,dshackesby7o@un.org,Male,Nissan
278,Krissie,Rohmer,krohmer7p@epa.gov,Female,Oldsmobile
279,Kendall,Di Franceschi,kdifranceschi7q@telegraph.co.uk,Male,Honda
280,Freddy,Shiliton,fshiliton7r@fda.gov,Male,Dodge
281,Adams,Habens,ahabens7s@google.com.au,Male,Porsche
282,Tudor,Folbige,tfolbige7t@squarespace.com,Male,Mitsubishi
283,Ferd,Calladine,fcalladine7u@yahoo.co.jp,Male,Pontiac
284,Ruthann,Commucci,rcommucci7v@businessinsider.com,Female,Volkswagen
285,Bjorn,Sandells,bsandells7w@blog.com,Male,Mercedes-Benz
286,Bernetta,Glassopp,bglassopp7x@shinystat.com,Female,GMC
287,Sholom,Mooring,smooring7y@umn.edu,Male,Acura
288,Cassandry,Flisher,cflisher7z@mozilla.com,Female,Lotus
289,Alexio,Stormes,astormes80@liveinternet.ru,Male,Volkswagen
290,Tanney,Tortis,ttortis81@wisc.edu,Male,Mercedes-Benz
291,Ray,Jozefowicz,rjozefowicz82@issuu.com,Male,Chevrolet
292,Guido,Shird,gshird83@bluehost.com,Male,Saab
293,Chiquia,Rollo,crollo84@aboutads.info,Female,Ford
294,Benn,Hursthouse,bhursthouse85@rediff.com,Male,Ford
295,Curry,Faughny,cfaughny86@yale.edu,Male,GMC
296,Dianemarie,Walbrook,dwalbrook87@discovery.com,Female,Scion
297,Yorgos,Edginton,yedginton88@hao123.com,Male,Porsche
298,Mersey,De Malchar,mdemalchar89@1688.com,Female,Suzuki
299,Carmine,Beeho,cbeeho8a@about.me,Male,Lincoln
300,Nisse,Stawell,nstawell8b@alibaba.com,Female,Jaguar
301,Lu,Springthorp,lspringthorp8c@netscape.com,Female,Chevrolet
302,Hannie,Laurence,hlaurence8d@youku.com,Female,Jaguar
303,Amelina,Skocroft,askocroft8e@multiply.com,Female,Nissan
304,Aristotle,Sygrove,asygrove8f@spotify.com,Male,Mazda
305,Odo,Howood,ohowood8g@jigsy.com,Male,Toyota
306,Dionne,Durrand,ddurrand8h@thetimes.co.uk,Female,Mercury
307,Harriott,O'Hagan,hohagan8i@fc2.com,Female,Ford
308,Starla,Tremble,stremble8j@ow.ly,Female,Chevrolet
309,Durante,Margrett,dmargrett8k@nbcnews.com,Male,Chevrolet
310,Luther,Raddish,lraddish8l@instagram.com,Male,Ford
311,Valentijn,Frearson,vfrearson8m@china.com.cn,Male,Lexus
312,Diane-marie,Lambkin,dlambkin8n@jugem.jp,Female,Chevrolet
313,Niall,Simonaitis,nsimonaitis8o@dyndns.org,Male,Chrysler
314,Orin,Just,ojust8p@stanford.edu,Male,Lotus
315,Clevie,Hover,chover8q@photobucket.com,Male,Mazda
316,Blythe,Ricketts,bricketts8r@vimeo.com,Female,Infiniti
317,Willi,Waberer,wwaberer8s@instagram.com,Female,Mercury
318,Jakob,Kilfeather,jkilfeather8t@shareasale.com,Male,Hyundai
319,Feliza,Egdal,fegdal8u@infoseek.co.jp,Female,Acura
320,Mercy,Shallo,mshallo8v@google.it,Female,Chevrolet
321,Enoch,Boggas,eboggas8w@salon.com,Male,Chevrolet
322,Marci,Paget,mpaget8x@bloomberg.com,Female,Honda
323,Jilleen,Lebond,jlebond8y@photobucket.com,Female,Mazda
324,Morgan,Gange,mgange8z@rediff.com,Female,Oldsmobile
325,Gretchen,Antonacci,gantonacci90@eventbrite.com,Female,Lexus
326,Rubie,Ferrige,rferrige91@networksolutions.com,Female,Volkswagen
327,Gerardo,Yusupov,gyusupov92@walmart.com,Male,GMC
328,Brion,Domenichelli,bdomenichelli93@shareasale.com,Male,Ford
329,Karlik,Jerram,kjerram94@salon.com,Male,Chevrolet
330,Genia,Mollene,gmollene95@cloudflare.com,Female,Lincoln
331,Niven,Clunie,nclunie96@nifty.com,Male,Toyota
332,Florry,Blazek,fblazek97@163.com,Female,Mitsubishi
333,Tyrus,Korbmaker,tkorbmaker98@yellowpages.com,Male,Toyota
334,Kristos,Mellody,kmellody99@mediafire.com,Male,Ford
335,Jodie,Landsberg,jlandsberg9a@51.la,Male,Citroën
336,Lucien,Sidry,lsidry9b@google.ru,Male,Honda
337,Camala,Sherman,csherman9c@blog.com,Female,Buick
338,Corene,Eilhersen,ceilhersen9d@purevolume.com,Female,Dodge
339,Tess,De Banke,tdebanke9e@netvibes.com,Female,Mitsubishi
340,Ruthann,Angrave,rangrave9f@apache.org,Female,Ford
341,Everett,Fulham,efulham9g@instagram.com,Male,Honda
342,Lalo,Cullip,lcullip9h@usgs.gov,Male,Hyundai
343,Dania,Clancy,dclancy9i@amazon.co.jp,Female,Audi
344,Moritz,Matchell,mmatchell9j@gov.uk,Male,Honda
345,Bambi,Verrillo,bverrillo9k@cloudflare.com,Female,Ford
346,Kerwin,Pudsey,kpudsey9l@paypal.com,Male,Bentley
347,Arie,Raison,araison9m@theatlantic.com,Male,Ford
348,Rasla,Scrauniage,rscrauniage9n@wikispaces.com,Female,GMC
349,Alain,Allbrook,aallbrook9o@merriam-webster.com,Male,Subaru
350,Licha,Dyment,ldyment9p@tiny.cc,Female,Cadillac
351,Brennan,Foucar,bfoucar9q@jiathis.com,Male,Chevrolet
352,Wallie,Treadgall,wtreadgall9r@cbsnews.com,Female,Ford
353,Arin,Grivori,agrivori9s@umn.edu,Male,Toyota
354,Zachery,Allsebrook,zallsebrook9t@wikia.com,Male,Hyundai
355,Salomon,Tillot,stillot9u@histats.com,Male,Honda
356,Corly,Burghill,cburghill9v@patch.com,Female,Toyota
357,Brennan,Winslade,bwinslade9w@wordpress.com,Male,GMC
358,Bradford,Marshall,bmarshall9x@twitpic.com,Male,Mercury
359,Bron,Lammerding,blammerding9y@java.com,Male,Aston Martin
360,Kip,Steet,ksteet9z@dyndns.org,Female,Toyota
361,Justis,Seakes,jseakesa0@hostgator.com,Male,Volvo
362,Zebedee,Guittet,zguitteta1@quantcast.com,Male,Lamborghini
363,Jaynell,Hulatt,jhulatta2@deviantart.com,Female,BMW
364,Camala,Greer,cgreera3@desdev.cn,Female,Chrysler
365,Emelen,Whatley,ewhatleya4@buzzfeed.com,Male,Chevrolet
366,Krishnah,Mundow,kmundowa5@chicagotribune.com,Male,Mazda
367,Adrianne,Wellman,awellmana6@imdb.com,Female,GMC
368,Sol,Dorrins,sdorrinsa7@yellowpages.com,Male,Chevrolet
369,Linc,Hakonsson,lhakonssona8@mapy.cz,Male,Ford
370,Benny,Lemm,blemma9@last.fm,Male,Bentley
371,Kaylyn,Arents,karentsaa@shinystat.com,Female,Kia
372,Lissa,Toghill,ltoghillab@tiny.cc,Female,Mercedes-Benz
373,Nikolaos,Dunsmore,ndunsmoreac@livejournal.com,Male,Chevrolet
374,Carrie,Stollwerck,cstollwerckad@tiny.cc,Female,Chevrolet
375,Felicio,Thormann,fthormannae@goodreads.com,Male,GMC
376,Shep,Stone Fewings,sstonefewingsaf@yahoo.com,Male,Chevrolet
377,Donavon,Scotchmer,dscotchmerag@amazonaws.com,Male,Maybach
378,Gregory,Wegenen,gwegenenah@dedecms.com,Male,Ford
379,Amii,Craigmile,acraigmileai@walmart.com,Female,Oldsmobile
380,Madison,Rubroe,mrubroeaj@taobao.com,Male,Cadillac
381,Karyn,Moorey,kmooreyak@archive.org,Female,Chevrolet
382,Eddie,Atmore,eatmoreal@latimes.com,Male,Jaguar
383,Bernhard,Uc,bucam@google.com.br,Male,Chevrolet
384,Nadya,Kemme,nkemmean@ox.ac.uk,Female,Chevrolet
385,Sanders,Garoghan,sgaroghanao@live.com,Male,Ford
386,Horatius,Guttridge,hguttridgeap@ca.gov,Male,Chevrolet
387,Jonis,Beardall,jbeardallaq@behance.net,Female,Mazda
388,Gavra,Rulton,grultonar@histats.com,Female,Lexus
389,Geralda,Coutthart,gcoutthartas@hugedomains.com,Female,Oldsmobile
390,Ally,Ricold,aricoldat@example.com,Female,Volvo
391,Cecil,Mander,cmanderau@spotify.com,Female,Lexus
392,Garvey,Sheron,gsheronav@networkadvertising.org,Male,Ford
393,Amanda,Bleasdille,ableasdilleaw@mlb.com,Female,Morgan
394,Garrard,Waples,gwaplesax@gmpg.org,Male,Chevrolet
395,Malchy,Grangier,mgrangieray@census.gov,Male,Lincoln
396,Marena,Snap,msnapaz@networksolutions.com,Female,Mazda
397,Corliss,Sherborn,csherbornb0@merriam-webster.com,Female,Toyota
398,Ervin,Percifull,epercifullb1@msn.com,Male,Mercedes-Benz
399,Gaspard,Longson,glongsonb2@networkadvertising.org,Male,Cadillac
400,Albertine,Heinig,aheinigb3@icq.com,Female,Cadillac
401,Denna,Serot,dserotb4@xrea.com,Female,Audi
402,Becca,Grigorushkin,bgrigorushkinb5@chron.com,Female,Mazda
403,Kassie,Shallcroff,kshallcroffb6@hp.com,Female,Volvo
404,Brittni,Nance,bnanceb7@amazonaws.com,Female,Volkswagen
405,Glenine,Siemons,gsiemonsb8@boston.com,Female,Maserati
406,Cherye,Chess,cchessb9@comcast.net,Female,Oldsmobile
407,Christalle,Oman,comanba@is.gd,Female,Ford
408,Roseanne,Gwilliam,rgwilliambb@vkontakte.ru,Female,Scion
409,Seumas,Jeger,sjegerbc@jigsy.com,Male,Ford
410,Marcille,Braidman,mbraidmanbd@a8.net,Female,Alfa Romeo
411,Cchaddie,Mattiuzzi,cmattiuzzibe@pcworld.com,Male,Porsche
412,Christiane,Gratland,cgratlandbf@people.com.cn,Female,Volkswagen
413,Inglebert,Sweetzer,isweetzerbg@forbes.com,Male,Audi
414,Shani,Wellbelove,swellbelovebh@ycombinator.com,Female,Volvo
415,Fiorenze,Jullian,fjullianbi@mediafire.com,Female,Chevrolet
416,Marcellus,Cardozo,mcardozobj@youtube.com,Male,Pontiac
417,Jeromy,Woollett,jwoollettbk@chron.com,Male,Ford
418,Cirillo,Lawrinson,clawrinsonbl@altervista.org,Male,BMW
419,Maggi,Frissell,mfrissellbm@auda.org.au,Female,Oldsmobile
420,Fields,Benner,fbennerbn@digg.com,Male,GMC
421,Nickey,Mathissen,nmathissenbo@unblog.fr,Male,BMW
422,Hussein,Ackred,hackredbp@drupal.org,Male,Pontiac
423,Johnny,Matyasik,jmatyasikbq@123-reg.co.uk,Male,Acura
424,Pedro,Goulbourn,pgoulbournbr@ebay.com,Male,Land Rover
425,Felic,Winny,fwinnybs@artisteer.com,Male,Saab
426,Gertie,Considine,gconsidinebt@dion.ne.jp,Female,Isuzu
427,Zarla,Jopson,zjopsonbu@stumbleupon.com,Female,Nissan
428,Perri,Bloore,pbloorebv@i2i.jp,Female,Chevrolet
429,Celesta,Cawker,ccawkerbw@diigo.com,Female,Lotus
430,Aurelia,McMichael,amcmichaelbx@wikimedia.org,Female,Nissan
431,Jeth,Quinton,jquintonby@sina.com.cn,Male,Ford
432,Adrianna,Freemantle,afreemantlebz@google.fr,Female,Subaru
433,Jeni,Gosart,jgosartc0@ibm.com,Female,Saturn
434,Martica,Hordell,mhordellc1@51.la,Female,Geo
435,Lizbeth,Garnul,lgarnulc2@cornell.edu,Female,Acura
436,Parsifal,Prime,pprimec3@census.gov,Male,Hummer
437,Cleve,Shawel,cshawelc4@bravesites.com,Male,Ford
438,Pegeen,Wookey,pwookeyc5@php.net,Female,Toyota
439,Regen,Snoxell,rsnoxellc6@about.com,Male,Audi
440,Wilfred,Crehan,wcrehanc7@intel.com,Male,GMC
441,Gregory,Cartmell,gcartmellc8@amazon.de,Male,Audi
442,Nick,Ivashechkin,nivashechkinc9@exblog.jp,Male,Mercedes-Benz
443,Minne,Kerrey,mkerreyca@weebly.com,Female,Mitsubishi
444,Sonia,Yardy,syardycb@macromedia.com,Female,Eagle
445,Ina,Tschursch,itschurschcc@digg.com,Female,BMW
446,Freddy,Yitzovitz,fyitzovitzcd@hao123.com,Female,MINI
447,Ermengarde,Abrahmovici,eabrahmovicice@craigslist.org,Female,Kia
448,Melodee,Howard,mhowardcf@geocities.com,Female,Toyota
449,Wally,Alenikov,walenikovcg@columbia.edu,Female,Lamborghini
450,Merci,Matteo,mmatteoch@marriott.com,Female,Mercedes-Benz
451,Cy,Vynall,cvynallci@thetimes.co.uk,Male,Jaguar
452,Robbyn,Minogue,rminoguecj@sciencedaily.com,Female,Subaru
453,Byron,Nugent,bnugentck@tmall.com,Male,GMC
454,Raphael,Males,rmalescl@icq.com,Male,Mercedes-Benz
455,Cletus,Driver,cdrivercm@google.de,Male,Chevrolet
456,Anthiathia,Delacourt,adelacourtcn@patch.com,Female,GMC
457,Dalli,Eades,deadesco@trellian.com,Male,Volkswagen
458,Cletis,Guilleton,cguilletoncp@ucla.edu,Male,Chevrolet
459,Gretchen,Geeson,ggeesoncq@newsvine.com,Female,GMC
460,Nicholle,Junkinson,njunkinsoncr@about.com,Female,Mercury
461,Jimmy,Iohananof,jiohananofcs@utexas.edu,Male,Saturn
462,Daniel,Sells,dsellsct@free.fr,Male,Mercury
463,Zeke,Reah,zreahcu@youku.com,Male,Pontiac
464,Salli,Ormesher,sormeshercv@flickr.com,Female,Infiniti
465,Nari,MacMaster,nmacmastercw@nps.gov,Female,Mercury
466,Birdie,Kryska,bkryskacx@sourceforge.net,Female,Saturn
467,Evonne,Fargher,efarghercy@jimdo.com,Female,GMC
468,Kennie,Harley,kharleycz@bing.com,Male,Nissan
469,Ali,Hatje,ahatjed0@fastcompany.com,Male,Jaguar
470,Aurel,Tripe,atriped1@theglobeandmail.com,Female,Lexus
471,Amitie,Earey,aeareyd2@reverbnation.com,Female,Subaru
472,Catharina,Trevaskis,ctrevaskisd3@spiegel.de,Female,Chevrolet
473,Clari,Flintuff,cflintuffd4@microsoft.com,Female,Chevrolet
474,Perice,Ravens,pravensd5@hp.com,Male,Mazda
475,Halette,Brunner,hbrunnerd6@privacy.gov.au,Female,Audi
476,Kassie,Franckton,kfrancktond7@bbb.org,Female,Jaguar
477,Cindelyn,Strickland,cstricklandd8@epa.gov,Female,Dodge
478,Marget,Di Franceshci,mdifranceshcid9@columbia.edu,Female,Volvo
479,Cori,Caroli,ccarolida@fotki.com,Female,Mitsubishi
480,Basia,Jurgenson,bjurgensondb@zdnet.com,Female,Dodge
481,Karine,Dufty,kduftydc@sun.com,Female,Chevrolet
482,Freeman,Dyhouse,fdyhousedd@pbs.org,Male,Aston Martin
483,Penn,Ballaam,pballaamde@over-blog.com,Male,Dodge
484,Dody,Cool,dcooldf@exblog.jp,Female,Chevrolet
485,Ealasaid,Spurrior,espurriordg@webs.com,Female,Lincoln
486,Sutton,Daen,sdaendh@abc.net.au,Male,Toyota
487,Cairistiona,Melliard,cmelliarddi@ask.com,Female,BMW
488,Nessy,Weaben,nweabendj@mysql.com,Female,Ford
489,Roxy,Ladewig,rladewigdk@apache.org,Female,Mazda
490,Cosimo,Broadway,cbroadwaydl@eventbrite.com,Male,Pontiac
491,Lilith,Mayler,lmaylerdm@zdnet.com,Female,Chevrolet
492,Sylas,Liverseege,sliverseegedn@moonfruit.com,Male,Volkswagen
493,Verge,Hymers,vhymersdo@cornell.edu,Male,Mazda
494,Dana,Gori,dgoridp@archive.org,Female,Buick
495,Consolata,Hugueville,chuguevilledq@wikispaces.com,Female,Volkswagen
496,Farrel,Cowie,fcowiedr@amazonaws.com,Male,Ferrari
497,Zaccaria,Gianettini,zgianettinids@opera.com,Male,Honda
498,Hy,Dedenham,hdedenhamdt@ucoz.ru,Male,Pontiac
499,Larissa,Elwyn,lelwyndu@businessweek.com,Female,Infiniti
500,Jennilee,Seabright,jseabrightdv@wix.com,Female,Cadillac
501,Valerye,Kings,vkingsdw@archive.org,Female,Nissan
502,Ludvig,Du Fray,ldufraydx@nba.com,Male,Chevrolet
503,Lesya,King,lkingdy@paypal.com,Female,Chevrolet
504,Ruby,Gladbeck,rgladbeckdz@omniture.com,Female,Mitsubishi
505,Kermit,Mapes,kmapese0@yolasite.com,Male,Mitsubishi
506,Scottie,Desforges,sdesforgese1@umn.edu,Male,Jaguar
507,Frants,Maryott,fmaryotte2@nyu.edu,Male,Toyota
508,Cairistiona,Saville,csavillee3@jigsy.com,Female,Ford
509,Jonah,Meharg,jmeharge4@meetup.com,Male,Maserati
510,Aldric,Bedding,abeddinge5@dedecms.com,Male,Pontiac
511,Melitta,Cornwall,mcornwalle6@chicagotribune.com,Female,Lexus
512,Karole,Deveril,kdeverile7@toplist.cz,Female,Honda
513,Nanon,Chatterton,nchattertone8@nifty.com,Female,Pontiac
514,Bret,Batch,bbatche9@imdb.com,Male,Aston Martin
515,Karel,Kaes,kkaesea@hubpages.com,Male,Acura
516,Nevil,Shapcott,nshapcotteb@un.org,Male,Mercedes-Benz
517,Vivianna,Moscrop,vmoscropec@elpais.com,Female,Volkswagen
518,Mandy,Freeland,mfreelanded@cbc.ca,Female,Pontiac
519,Bink,Willan,bwillanee@sfgate.com,Male,Pontiac
520,Nate,Hansmann,nhansmannef@chicagotribune.com,Male,Mazda
521,Ardine,Semour,asemoureg@nsw.gov.au,Female,Lexus
522,Blinny,Luckings,bluckingseh@elpais.com,Female,Mercedes-Benz
523,Andree,Inde,aindeei@netscape.com,Female,Ford
524,Eadie,Kilmaster,ekilmasterej@wikimedia.org,Female,Mercedes-Benz
525,Candide,Jimpson,cjimpsonek@soundcloud.com,Female,Porsche
526,Robers,Aldwich,raldwichel@issuu.com,Male,GMC
527,Breanne,MacGill,bmacgillem@princeton.edu,Female,Nissan
528,Alexis,Hazart,ahazarten@deviantart.com,Female,Mercedes-Benz
529,Nissie,Newiss,nnewisseo@ifeng.com,Female,Mercedes-Benz
530,Maressa,Furze,mfurzeep@list-manage.com,Female,Ford
531,Olimpia,Yanne,oyanneeq@shutterfly.com,Female,Volkswagen
532,Berk,Duberry,bduberryer@springer.com,Male,Mitsubishi
533,Rosella,Leishman,rleishmanes@prweb.com,Female,Mercedes-Benz
534,Aldis,Menis,ameniset@washingtonpost.com,Male,Mercedes-Benz
535,Nisse,Coaster,ncoastereu@upenn.edu,Female,Mercury
536,Reinaldo,McFayden,rmcfaydenev@discovery.com,Male,Dodge
537,Editha,Ewell,eewellew@4shared.com,Female,GMC
538,North,Wyke,nwykeex@patch.com,Male,Mitsubishi
539,Trstram,Voss,tvossey@theatlantic.com,Male,Infiniti
540,Shirline,Leftly,sleftlyez@yellowpages.com,Female,Mitsubishi
541,Ruthi,Allans,rallansf0@cornell.edu,Female,Plymouth
542,Ugo,Oswell,uoswellf1@sohu.com,Male,Nissan
543,Kaylil,Gooderick,kgooderickf2@shop-pro.jp,Female,Toyota
544,Val,Gopsill,vgopsillf3@jalbum.net,Female,Volkswagen
545,Petra,Roggerone,proggeronef4@miibeian.gov.cn,Female,Ford
546,Griz,Getsham,ggetshamf5@hatena.ne.jp,Male,Chevrolet
547,Glen,Ellacombe,gellacombef6@163.com,Male,Chevrolet
548,Dannie,O'Scollee,doscolleef7@skype.com,Female,Hyundai
549,Chaddy,Bezzant,cbezzantf8@nsw.gov.au,Male,Saturn
550,Genevra,Hampshire,ghampshiref9@nytimes.com,Female,Buick
551,Addi,Bordiss,abordissfa@squarespace.com,Female,GMC
552,Amandie,Tippler,atipplerfb@surveymonkey.com,Female,GMC
553,Roderigo,Rodolico,rrodolicofc@ebay.com,Male,Aston Martin
554,Anetta,Giordano,agiordanofd@nba.com,Female,Chevrolet
555,Gael,Andrejevic,gandrejevicfe@gravatar.com,Male,Mitsubishi
556,Jermain,Kilgrew,jkilgrewff@usnews.com,Male,Volkswagen
557,Happy,Phippin,hphippinfg@cdc.gov,Female,Chevrolet
558,Courtney,Leyland,cleylandfh@oakley.com,Male,Porsche
559,Robby,Jervoise,rjervoisefi@irs.gov,Male,Toyota
560,Brooks,Ranson,bransonfj@google.com.br,Female,Lexus
561,Ruperta,Loxston,rloxstonfk@mozilla.org,Female,Mitsubishi
562,Celine,Fulham,cfulhamfl@amazonaws.com,Female,Volvo
563,Yurik,Gonin,ygoninfm@cnbc.com,Male,Mitsubishi
564,Gae,Marie,gmariefn@163.com,Female,Porsche
565,Obediah,Wincott,owincottfo@elpais.com,Male,Honda
566,Rodrick,Tearle,rtearlefp@studiopress.com,Male,Infiniti
567,Katheryn,Bigrigg,kbigriggfq@google.de,Female,Nissan
568,Imojean,Spilling,ispillingfr@businessinsider.com,Female,Chevrolet
569,Angie,Hyrons,ahyronsfs@guardian.co.uk,Female,Toyota
570,Ariela,Koppel,akoppelft@cornell.edu,Female,BMW
571,Jorie,Temperley,jtemperleyfu@harvard.edu,Female,Dodge
572,Neron,Noone,nnoonefv@biblegateway.com,Male,Maserati
573,Ardys,Vasenin,avaseninfw@yelp.com,Female,Pontiac
574,Zelda,Oldacre,zoldacrefx@amazon.com,Female,Chevrolet
575,Sinclair,Inman,sinmanfy@pinterest.com,Male,Jeep
576,Bradney,Bonniface,bbonnifacefz@skype.com,Male,Dodge
577,Catharina,Amburgy,camburgyg0@technorati.com,Female,Pontiac
578,Calv,Tosney,ctosneyg1@wikispaces.com,Male,Isuzu
579,Tiphany,Profit,tprofitg2@nature.com,Female,Acura
580,Gae,Bohin,gbohing3@liveinternet.ru,Female,Dodge
581,Whitby,Degnen,wdegneng4@flickr.com,Male,Mercedes-Benz
582,Laurie,Bohlje,lbohljeg5@addtoany.com,Male,Hyundai
583,Dov,Anan,danang6@eventbrite.com,Male,Kia
584,Candra,Abrahamian,cabrahamiang7@hhs.gov,Female,Chevrolet
585,Kit,Michelmore,kmichelmoreg8@goo.gl,Male,Volkswagen
586,Morton,Vasilchikov,mvasilchikovg9@noaa.gov,Male,Mitsubishi
587,Angeline,Gutowski,agutowskiga@wsj.com,Female,Ford
588,Elaine,McSkeagan,emcskeagangb@bandcamp.com,Female,Lotus
589,Batholomew,Mabbitt,bmabbittgc@cnet.com,Male,BMW
590,Tabbi,MacLise,tmaclisegd@netscape.com,Female,Lincoln
591,Rufe,Bosomworth,rbosomworthge@histats.com,Male,BMW
592,Eugenio,McNeilly,emcneillygf@phoca.cz,Male,BMW
593,Reilly,Bignell,rbignellgg@cbsnews.com,Male,Mercedes-Benz
594,Franklin,Drewell,fdrewellgh@shinystat.com,Male,Mercedes-Benz
595,Kirbee,Really,kreallygi@naver.com,Female,Audi
596,Grethel,Ragles,graglesgj@thetimes.co.uk,Female,Dodge
597,Carroll,Cappell,ccappellgk@google.cn,Male,Ford
598,Silvan,Cunio,scuniogl@networkadvertising.org,Male,Chevrolet
599,Giacobo,Murfin,gmurfingm@upenn.edu,Male,GMC
600,Booth,Quig,bquiggn@ted.com,Male,Lexus
601,Gerry,Casillas,gcasillasgo@businessinsider.com,Male,Subaru
602,Madonna,Waddilove,mwaddilovegp@cpanel.net,Female,Toyota
603,Ben,Croysdale,bcroysdalegq@i2i.jp,Male,Honda
604,Arabelle,Sybry,asybrygr@marriott.com,Female,Lincoln
605,Darcy,Riddler,driddlergs@scribd.com,Male,Volvo
606,Nat,Nettleship,nnettleshipgt@mapy.cz,Male,Toyota
607,Mead,Godilington,mgodilingtongu@jimdo.com,Female,Mitsubishi
608,Cynthia,Grzelak,cgrzelakgv@discuz.net,Female,Ford
609,Dulcine,Mc-Kerley,dmckerleygw@unesco.org,Female,Pontiac
610,Jesus,Amos,jamosgx@hc360.com,Male,Infiniti
611,Stacie,Clarey,sclareygy@slideshare.net,Female,Dodge
612,Calypso,O'Nions,conionsgz@hhs.gov,Female,Mitsubishi
613,Bryn,Bougen,bbougenh0@cnet.com,Male,Buick
614,Camille,Sketh,cskethh1@miitbeian.gov.cn,Female,BMW
615,Anjela,Filtness,afiltnessh2@nsw.gov.au,Female,Toyota
616,Elfrieda,Bello,ebelloh3@nyu.edu,Female,Volkswagen
617,Stefano,Boak,sboakh4@purevolume.com,Male,Oldsmobile
618,Andrus,Murrhaupt,amurrhaupth5@gizmodo.com,Male,Pontiac
619,Kayle,Windridge,kwindridgeh6@squarespace.com,Female,Mitsubishi
620,Aigneis,Ianiello,aianielloh7@kickstarter.com,Female,Dodge
621,Roy,Bofield,rbofieldh8@amazon.co.uk,Male,Chevrolet
622,Leanora,Velde,lveldeh9@eepurl.com,Female,Volkswagen
623,Nessa,Fashion,nfashionha@squarespace.com,Female,Volvo
624,Masha,McGowan,mmcgowanhb@cyberchimps.com,Female,Dodge
625,Kenyon,Iacomi,kiacomihc@imdb.com,Male,Chrysler
626,Christy,Brittin,cbrittinhd@opensource.org,Male,Toyota
627,Elinor,Roglieri,eroglierihe@smh.com.au,Female,Chevrolet
628,Jody,Crus,jcrushf@tumblr.com,Male,Chevrolet
629,Chet,Scotchforth,cscotchforthhg@biglobe.ne.jp,Male,Chevrolet
630,Rochette,Fetherstan,rfetherstanhh@freewebs.com,Female,Kia
631,Sheeree,Mein,smeinhi@stumbleupon.com,Female,Toyota
632,Durant,Gladdor,dgladdorhj@woothemes.com,Male,Chevrolet
633,Aldon,Mawhinney,amawhinneyhk@amazon.co.jp,Male,Mercedes-Benz
634,Gypsy,Nuth,gnuthhl@privacy.gov.au,Female,Lincoln
635,Gareth,Hellin,ghellinhm@va.gov,Male,Nissan
636,Neils,Bennitt,nbennitthn@google.com,Male,Lincoln
637,Zerk,Oertzen,zoertzenho@hao123.com,Male,Jaguar
638,Sarette,Willingam,swillingamhp@sakura.ne.jp,Female,Volvo
639,Perkin,Tuck,ptuckhq@aboutads.info,Male,Volvo
640,Karel,Brahms,kbrahmshr@geocities.jp,Male,Honda
641,Emalia,Pietzker,epietzkerhs@so-net.ne.jp,Female,Toyota
642,Brande,Hartland,bhartlandht@google.nl,Female,Mitsubishi
643,Antoine,Rumke,arumkehu@nature.com,Male,Acura
644,Arie,Lorryman,alorrymanhv@phoca.cz,Male,Hyundai
645,Connie,Phillis,cphillishw@earthlink.net,Female,GMC
646,Kaleena,Gounod,kgounodhx@ustream.tv,Female,Ford
647,Griswold,Payle,gpaylehy@psu.edu,Male,Nissan
648,Mirna,Wagg,mwagghz@prnewswire.com,Female,Ford
649,Bettina,Eddison,beddisoni0@miibeian.gov.cn,Female,Acura
650,Zoe,Ugolini,zugolinii1@mapy.cz,Female,Lamborghini
651,Francesca,Yesson,fyessoni2@oaic.gov.au,Female,GMC
652,Keelby,Mico,kmicoi3@google.co.uk,Male,Mazda
653,Ari,Bertie,abertiei4@google.pl,Male,Chrysler
654,Lea,Rhucroft,lrhucrofti5@seesaa.net,Female,Toyota
655,Tanhya,Byrcher,tbyrcheri6@t.co,Female,Volkswagen
656,Raoul,Fielders,rfieldersi7@nydailynews.com,Male,Pontiac
657,Dorine,Sandbach,dsandbachi8@nbcnews.com,Female,BMW
658,Gradey,Cutill,gcutilli9@foxnews.com,Male,Oldsmobile
659,Charlie,Magson,cmagsonia@google.cn,Male,Mercedes-Benz
660,Alta,McAllaster,amcallasterib@lulu.com,Female,Pontiac
661,Rora,Sellan,rsellanic@tripadvisor.com,Female,Cadillac
662,Sosanna,Storks,sstorksid@free.fr,Female,Nissan
663,Cal,Frowde,cfrowdeie@adobe.com,Female,Nissan
664,Brigid,Birdis,bbirdisif@sun.com,Female,Ford
665,Rosmunda,Fassbender,rfassbenderig@liveinternet.ru,Female,Chevrolet
666,Giuditta,Beneyto,gbeneytoih@princeton.edu,Female,Ford
667,Joshua,Alldread,jalldreadii@gnu.org,Male,Dodge
668,Arleta,Fidgin,afidginij@patch.com,Female,Volvo
669,Herculie,Bainbrigge,hbainbriggeik@shop-pro.jp,Male,Porsche
670,Tracey,Loffill,tloffillil@scientificamerican.com,Male,Suzuki
671,Cecilia,Grafhom,cgrafhomim@theatlantic.com,Female,Chevrolet
672,Fara,Smallacombe,fsmallacombein@chronoengine.com,Female,Dodge
673,Raymund,Wenham,rwenhamio@hhs.gov,Male,Chevrolet
674,Janek,Bennis,jbennisip@goodreads.com,Male,Mercury
675,Filbert,Greenhill,fgreenhilliq@cpanel.net,Male,Toyota
676,Bernita,Casier,bcasierir@google.ca,Female,Mercedes-Benz
677,Kareem,Phayre,kphayreis@shutterfly.com,Male,BMW
678,Wallie,Fildery,wfilderyit@sourceforge.net,Male,Buick
679,Franklin,Gooderson,fgoodersoniu@foxnews.com,Male,Chevrolet
680,Mauricio,Saywood,msaywoodiv@ucoz.ru,Male,Mercedes-Benz
681,Dav,Jeste,djesteiw@ucoz.ru,Male,Mercedes-Benz
682,Annadiana,McDonell,amcdonellix@google.cn,Female,Jeep
683,Padraig,Flieg,pfliegiy@t-online.de,Male,Porsche
684,Katherina,Danels,kdanelsiz@yahoo.com,Female,Bentley
685,Morton,Phear,mphearj0@admin.ch,Male,Lincoln
686,Allyson,Meins,ameinsj1@irs.gov,Female,Chevrolet
687,Chadd,Sine,csinej2@psu.edu,Male,Chevrolet
688,Jamison,Masic,jmasicj3@jimdo.com,Male,Lotus
689,Dermot,Hubeaux,dhubeauxj4@multiply.com,Male,Nissan
690,Reynolds,Legat,rlegatj5@yellowpages.com,Male,Lincoln
691,Marna,Abbe,mabbej6@aboutads.info,Female,Chevrolet
692,Constance,Dietsche,cdietschej7@buzzfeed.com,Female,Buick
693,Phillida,Marquiss,pmarquissj8@macromedia.com,Female,Buick
694,Shaylynn,Classen,sclassenj9@addthis.com,Female,Chevrolet
695,Sunny,Alred,salredja@gnu.org,Female,Volkswagen
696,Sylvia,Middleweek,smiddleweekjb@cbslocal.com,Female,Ford
697,Stephie,MacIlory,smaciloryjc@house.gov,Female,Mazda
698,Andriette,Attreed,aattreedjd@netscape.com,Female,Ford
699,Appolonia,Parke,aparkeje@ustream.tv,Female,Mazda
700,Ilse,Partkya,ipartkyajf@guardian.co.uk,Female,Volkswagen
701,Morse,Pymer,mpymerjg@mysql.com,Male,Volvo
702,Otto,Comelli,ocomellijh@eepurl.com,Male,Mazda
703,Doralynne,Al Hirsi,dalhirsiji@vkontakte.ru,Female,BMW
704,Arly,Godsell,agodselljj@goo.gl,Female,Jensen
705,Haily,Venmore,hvenmorejk@facebook.com,Male,Mazda
706,Natka,Tibbs,ntibbsjl@bandcamp.com,Female,Hyundai
707,Henrietta,Getty,hgettyjm@aol.com,Female,Suzuki
708,Lonni,Skillitt,lskillittjn@seattletimes.com,Female,Ford
709,Carmencita,Greenham,cgreenhamjo@alexa.com,Female,Pontiac
710,Wadsworth,Mattheis,wmattheisjp@sphinn.com,Male,Lexus
711,Benn,Snugg,bsnuggjq@virginia.edu,Male,Toyota
712,Leonanie,McHenry,lmchenryjr@netscape.com,Female,Nissan
713,Hayward,Neles,hnelesjs@geocities.com,Male,Nissan
714,Abby,Spurier,aspurierjt@statcounter.com,Male,Volvo
715,Hermann,Wardhaugh,hwardhaughju@mediafire.com,Male,Chevrolet
716,Emmi,Serot,eserotjv@mayoclinic.com,Female,BMW
717,Alanah,Dadley,adadleyjw@a8.net,Female,Toyota
718,Valentine,Shilvock,vshilvockjx@microsoft.com,Female,Audi
719,Alasdair,Playhill,aplayhilljy@elegantthemes.com,Male,Chevrolet
720,Christoper,Gymlett,cgymlettjz@issuu.com,Male,Mazda
721,Jessalin,Buntain,jbuntaink0@oakley.com,Female,Rolls-Royce
722,Edithe,Lyngsted,elyngstedk1@dailymotion.com,Female,Toyota
723,Amelita,Cardo,acardok2@xing.com,Female,GMC
724,Berget,Creedland,bcreedlandk3@engadget.com,Female,Toyota
725,Jillian,Stuckey,jstuckeyk4@dropbox.com,Female,Dodge
726,Josie,Paolotto,jpaolottok5@nhs.uk,Female,Mitsubishi
727,Ivett,Napleton,inapletonk6@seesaa.net,Female,Dodge
728,Cortney,Schaben,cschabenk7@sohu.com,Female,Lamborghini
729,Mitchel,Reddecliffe,mreddecliffek8@bloglovin.com,Male,BMW
730,Llewellyn,Redington,lredingtonk9@senate.gov,Male,GMC
731,Conroy,Orry,corryka@bing.com,Male,Dodge
732,Byran,Beardsdale,bbeardsdalekb@microsoft.com,Male,Porsche
733,Annissa,Succamore,asuccamorekc@vistaprint.com,Female,BMW
734,Arv,Gheeraert,agheeraertkd@elpais.com,Male,Subaru
735,Morganica,Yurchenko,myurchenkoke@shop-pro.jp,Female,Plymouth
736,Currey,Sweeten,csweetenkf@webs.com,Male,Land Rover
737,Cody,Fairbairn,cfairbairnkg@narod.ru,Female,Toyota
738,Raleigh,Jennrich,rjennrichkh@nymag.com,Male,Land Rover
739,Scot,Kardos,skardoski@free.fr,Male,Lexus
740,Cristabel,O'Boyle,coboylekj@redcross.org,Female,Volvo
741,Alexina,Bracchi,abracchikk@skype.com,Female,Volkswagen
742,Maye,Dodwell,mdodwellkl@photobucket.com,Female,Volvo
743,Lavinia,Dabourne,ldabournekm@aol.com,Female,Mazda
744,Christoforo,Dealtry,cdealtrykn@taobao.com,Male,Honda
745,Benjamen,Pidduck,bpidduckko@tinypic.com,Male,Dodge
746,Reta,Applegarth,rapplegarthkp@eepurl.com,Female,Dodge
747,Berkly,Reggiani,breggianikq@amazon.de,Male,Ford
748,Olivero,Lamartine,olamartinekr@comsenz.com,Male,Chevrolet
749,Lindon,Matitiaho,lmatitiahoks@ft.com,Male,BMW
750,Myrle,McCorrie,mmccorriekt@sitemeter.com,Female,Toyota
751,Muffin,Janodet,mjanodetku@home.pl,Female,Buick
752,Quintilla,Gillfillan,qgillfillankv@buzzfeed.com,Female,Toyota
753,Anthe,Forrester,aforresterkw@hhs.gov,Female,Rolls-Royce
754,Zeke,Farmar,zfarmarkx@plala.or.jp,Male,Dodge
755,Beatrice,McGaugey,bmcgaugeyky@thetimes.co.uk,Female,Lexus
756,Malory,Zanioletti,mzaniolettikz@cyberchimps.com,Female,Oldsmobile
757,Cindi,Elecum,celecuml0@php.net,Female,Ford
758,Marice,Girdlestone,mgirdlestonel1@usa.gov,Female,Chevrolet
759,Durand,Pargeter,dpargeterl2@angelfire.com,Male,Ford
760,Aldrich,Heazel,aheazell3@thetimes.co.uk,Male,Cadillac
761,Celle,Defew,cdefewl4@google.ru,Female,Jeep
762,Sidnee,Heselwood,sheselwoodl5@huffingtonpost.com,Male,Cadillac
763,Cristi,Megarry,cmegarryl6@elpais.com,Female,Dodge
764,Aile,Coushe,acoushel7@tinypic.com,Female,Ford
765,Kingsley,Hinsch,khinschl8@instagram.com,Male,Chevrolet
766,Sharline,Fontin,sfontinl9@youtube.com,Female,Subaru
767,Estrellita,Glazer,eglazerla@nyu.edu,Female,Ford
768,Marion,Kempster,mkempsterlb@kickstarter.com,Male,Dodge
769,Raychel,Reimer,rreimerlc@auda.org.au,Female,Mercury
770,Perla,Dean,pdeanld@flickr.com,Female,Chevrolet
771,Corine,Clemendet,cclemendetle@omniture.com,Female,Infiniti
772,Johnathan,Skim,jskimlf@symantec.com,Male,Mercedes-Benz
773,Demetria,Frusher,dfrusherlg@netscape.com,Female,Dodge
774,Roxi,McElhargy,rmcelhargylh@techcrunch.com,Female,BMW
775,Allison,Pollastrino,apollastrinoli@w3.org,Female,Pontiac
776,Osborn,Attersoll,oattersolllj@reverbnation.com,Male,Acura
777,Rani,Nudds,rnuddslk@google.pl,Female,Chevrolet
778,Nollie,Ettles,nettlesll@histats.com,Male,Ford
779,Julio,Bangiard,jbangiardlm@redcross.org,Male,Toyota
780,Madelyn,Hovert,mhovertln@ovh.net,Female,Chrysler
781,Tiebout,McIllrick,tmcillricklo@topsy.com,Male,Chevrolet
782,Julee,Tukely,jtukelylp@dell.com,Female,BMW
783,Jeramie,Janecki,jjaneckilq@g.co,Male,Ford
784,Staffard,Sandham,ssandhamlr@ovh.net,Male,Kia
785,Doralyn,Fosdike,dfosdikels@wisc.edu,Female,Mitsubishi
786,Emmet,Edelmann,eedelmannlt@amazon.co.uk,Male,Chevrolet
787,Leif,Pirrie,lpirrielu@paginegialle.it,Male,Citroën
788,Carlotta,Manuaud,cmanuaudlv@illinois.edu,Female,Maserati
789,Ferrel,Van der Linde,fvanderlindelw@shareasale.com,Male,Ford
790,Tiffanie,Ellick,tellicklx@ihg.com,Female,GMC
791,Therine,Deveril,tdeverilly@stumbleupon.com,Female,Jaguar
792,Ardys,McAusland,amcauslandlz@usnews.com,Female,GMC
793,Nonie,Jouanot,njouanotm0@sourceforge.net,Female,Ford
794,Markos,Liddiatt,mliddiattm1@cocolog-nifty.com,Male,Volvo
795,Inesita,Helkin,ihelkinm2@amazon.de,Female,Chevrolet
796,Kennan,Diviny,kdivinym3@cpanel.net,Male,Nissan
797,Fowler,Simonin,fsimoninm4@netvibes.com,Male,Audi
798,Goraud,Farnie,gfarniem5@redcross.org,Male,Nissan
799,Sophronia,Northey,snortheym6@techcrunch.com,Female,Chevrolet
800,Patten,Alvey,palveym7@pinterest.com,Male,Aston Martin
801,Dominique,Bairstow,dbairstowm8@senate.gov,Female,Mercedes-Benz
802,Eda,Hanfrey,ehanfreym9@tmall.com,Female,Chevrolet
803,Tammie,Dawtre,tdawtrema@tinypic.com,Female,Hyundai
804,Quent,Narup,qnarupmb@amazon.co.uk,Male,Mazda
805,Stevena,Boich,sboichmc@twitpic.com,Female,Cadillac
806,Hilton,Collumbine,hcollumbinemd@adobe.com,Male,Volkswagen
807,Terrye,Plaistowe,tplaistoweme@parallels.com,Female,Chevrolet
808,Dag,Ivanov,divanovmf@cnet.com,Male,Acura
809,Antoine,Jaquiss,ajaquissmg@marriott.com,Male,Ford
810,Valma,Oldman,voldmanmh@theatlantic.com,Female,Honda
811,Kerwin,Whitehouse,kwhitehousemi@webnode.com,Male,Cadillac
812,Rodd,Hosten,rhostenmj@accuweather.com,Male,Mercury
813,Alyce,Clerc,aclercmk@sbwire.com,Female,Subaru
814,Marina,Braffington,mbraffingtonml@etsy.com,Female,Chevrolet
815,Cad,Drever,cdrevermm@cafepress.com,Male,Lexus
816,Stafford,Dannehl,sdannehlmn@jalbum.net,Male,Nissan
817,Jeniffer,Baskerville,jbaskervillemo@shop-pro.jp,Female,GMC
818,Sibylle,Railton,srailtonmp@vinaora.com,Female,Mazda
819,Eva,Darrel,edarrelmq@ihg.com,Female,Dodge
820,Spike,Tithecote,stithecotemr@skyrock.com,Male,Chevrolet
821,Natale,Ager,nagerms@hexun.com,Male,Lincoln
822,Wye,Thurlbeck,wthurlbeckmt@bravesites.com,Male,Dodge
823,Rosaline,Janaszewski,rjanaszewskimu@histats.com,Female,Kia
824,Freddy,Spaice,fspaicemv@npr.org,Female,Chevrolet
825,Valentine,Yerrell,vyerrellmw@ox.ac.uk,Male,Kia
826,Stavros,Aldhouse,saldhousemx@bravesites.com,Male,Jaguar
827,Athena,McKay,amckaymy@linkedin.com,Female,Buick
828,Cort,Pettendrich,cpettendrichmz@goo.gl,Male,Saab
829,Fin,Annable,fannablen0@home.pl,Male,Toyota
830,Jacquetta,Attwater,jattwatern1@paypal.com,Female,Volkswagen
831,Reed,Saldler,rsaldlern2@accuweather.com,Male,Maserati
832,Wheeler,Jahncke,wjahncken3@sfgate.com,Male,Lexus
833,Janella,Coultish,jcoultishn4@google.ru,Female,Nissan
834,Carlotta,Brownhall,cbrownhalln5@nationalgeographic.com,Female,Acura
835,Bettina,Duffil,bduffiln6@sfgate.com,Female,Land Rover
836,Claudetta,Manilo,cmanilon7@usatoday.com,Female,Suzuki
837,Jonathon,Sanger,jsangern8@jugem.jp,Male,Jeep
838,Else,Argabrite,eargabriten9@netvibes.com,Female,Dodge
839,Roby,Winfindine,rwinfindinena@51.la,Female,Acura
840,Nicolai,Fauguel,nfauguelnb@admin.ch,Male,Ford
841,Hedwiga,Berrigan,hberrigannc@businessweek.com,Female,Scion
842,Bernie,Meus,bmeusnd@google.com.hk,Female,Subaru
843,Madge,Smail,msmailne@nbcnews.com,Female,Buick
844,Cornall,Rankin,crankinnf@unblog.fr,Male,Pontiac
845,Albertina,Proschke,aproschkeng@studiopress.com,Female,Chrysler
846,Prentice,Dewicke,pdewickenh@examiner.com,Male,Porsche
847,Ruggiero,Powers,rpowersni@pen.io,Male,Mercury
848,Egor,McComiskey,emccomiskeynj@businesswire.com,Male,BMW
849,Marijo,Hunte,mhuntenk@canalblog.com,Female,Ford
850,Constance,Keat,ckeatnl@unblog.fr,Female,Volkswagen
851,Shaun,Janatka,sjanatkanm@nasa.gov,Male,Hyundai
852,Hy,Koeppe,hkoeppenn@netlog.com,Male,Plymouth
853,Sax,Swigger,sswiggerno@cam.ac.uk,Male,Mazda
854,Nikita,Keatch,nkeatchnp@mozilla.com,Male,Cadillac
855,Ewart,Ballard,eballardnq@about.me,Male,Toyota
856,Cosimo,Leed,cleednr@vkontakte.ru,Male,Lexus
857,Fidelity,Pauluzzi,fpauluzzins@wix.com,Female,Audi
858,Bonnibelle,Salkeld,bsalkeldnt@themeforest.net,Female,Cadillac
859,Ginni,Lansley,glansleynu@goodreads.com,Female,Buick
860,Hobart,Smartman,hsmartmannv@tuttocitta.it,Male,Subaru
861,Leonid,Gotfrey,lgotfreynw@wp.com,Male,Audi
862,Harlan,Inchboard,hinchboardnx@scribd.com,Male,Ford
863,Gisele,Paolo,gpaolony@washingtonpost.com,Female,Honda
864,Philis,Shoreman,pshoremannz@bluehost.com,Female,Cadillac
865,Willdon,Bostick,wbosticko0@cnbc.com,Male,Mercedes-Benz
866,Hesther,Holberry,hholberryo1@stumbleupon.com,Female,GMC
867,Tulley,Garey,tgareyo2@seesaa.net,Male,GMC
868,Tedie,Beeswing,tbeeswingo3@wikipedia.org,Male,GMC
869,Walther,Duke,wdukeo4@youtube.com,Male,Infiniti
870,Didi,Bandey,dbandeyo5@blogs.com,Female,Chrysler
871,Lynsey,Louedey,llouedeyo6@topsy.com,Female,Ford
872,Chiarra,McCawley,cmccawleyo7@cbslocal.com,Female,Chrysler
873,Evan,Mullaney,emullaneyo8@cnn.com,Male,Suzuki
874,Alfy,Morrell,amorrello9@symantec.com,Female,Audi
875,Duane,Tawn,dtawnoa@bizjournals.com,Male,Land Rover
876,Eliot,Sidebotham,esidebothamob@amazon.co.uk,Male,Chevrolet
877,Jeddy,Delap,jdelapoc@hao123.com,Male,Ford
878,Pansie,Pesek,ppesekod@ted.com,Female,Chrysler
879,Penelopa,Ion,pionoe@bing.com,Female,Nissan
880,Silvia,Thick,sthickof@ihg.com,Female,Chevrolet
881,Alberta,Lindfors,alindforsog@craigslist.org,Female,Mitsubishi
882,Lorens,Verrillo,lverrillooh@mayoclinic.com,Male,Ford
883,Adelle,Comizzoli,acomizzolioi@spiegel.de,Female,Mazda
884,Kiel,Armitage,karmitageoj@addthis.com,Male,Buick
885,Guilbert,Tregonna,gtregonnaok@ask.com,Male,Ford
886,Letta,Sall,lsallol@yelp.com,Female,Volkswagen
887,Artemis,Punchard,apunchardom@delicious.com,Male,Ford
888,Corny,Dowgill,cdowgillon@purevolume.com,Male,Infiniti
889,Irvine,Tribble,itribbleoo@weibo.com,Male,Mercedes-Benz
890,Gilbertine,Pedican,gpedicanop@tripod.com,Female,Buick
891,Beatriz,Lardez,blardezoq@t.co,Female,GMC
892,Zondra,Byass,zbyassor@wikispaces.com,Female,Acura
893,Lara,Le Houx,llehouxos@dropbox.com,Female,Infiniti
894,Rocky,Renny,rrennyot@edublogs.org,Male,BMW
895,Lionel,Pavlovsky,lpavlovskyou@creativecommons.org,Male,Audi
896,Briano,Karlsen,bkarlsenov@cnet.com,Male,Chevrolet
897,Rufus,Kinsley,rkinsleyow@theglobeandmail.com,Male,Bentley
898,Eudora,Datte,edatteox@huffingtonpost.com,Female,Ford
899,Giralda,Edinborough,gedinboroughoy@va.gov,Female,Chevrolet
900,Jenni,Wilmot,jwilmotoz@cpanel.net,Female,Mercury
901,Anthony,Byatt,abyattp0@godaddy.com,Male,Mercedes-Benz
902,Nissie,Dartan,ndartanp1@tiny.cc,Female,Lexus
903,Berty,Asplen,basplenp2@earthlink.net,Female,Pontiac
904,Flynn,Strawbridge,fstrawbridgep3@tinyurl.com,Male,GMC
905,Boycie,Barrass,bbarrassp4@godaddy.com,Male,Nissan
906,Fulvia,Dufer,fduferp5@rediff.com,Female,Suzuki
907,Noby,Borlease,nborleasep6@irs.gov,Male,GMC
908,Ulises,Szanto,uszantop7@google.it,Male,Saturn
909,Anneliese,O'Curneen,aocurneenp8@plala.or.jp,Female,Ford
910,Vassili,Strathern,vstrathernp9@opera.com,Male,Lexus
911,Hyacinthie,Feeham,hfeehampa@google.co.jp,Female,Lincoln
912,Christos,Bradder,cbradderpb@t.co,Male,Chevrolet
913,Simonette,Albers,salberspc@irs.gov,Female,Buick
914,Pansy,Ferson,pfersonpd@sogou.com,Female,Isuzu
915,Betteanne,Watkiss,bwatkisspe@cdbaby.com,Female,Volvo
916,Valaria,Lippitt,vlippittpf@chron.com,Female,Mitsubishi
917,Ingar,Reisen,ireisenpg@umich.edu,Male,Suzuki
918,Bren,Wrixon,bwrixonph@mashable.com,Male,Chevrolet
919,Francklin,Penhall,fpenhallpi@rakuten.co.jp,Male,Nissan
920,Kessia,Causier,kcausierpj@nymag.com,Female,Pontiac
921,Shaylyn,Stodit,sstoditpk@wp.com,Female,Buick
922,Helena,Sisnett,hsisnettpl@ask.com,Female,Nissan
923,Con,Golland,cgollandpm@adobe.com,Male,Chevrolet
924,Cristie,Aylen,caylenpn@free.fr,Female,Ford
925,Jules,Goulston,jgoulstonpo@tripod.com,Male,Toyota
926,Spike,Girardot,sgirardotpp@newsvine.com,Male,Chevrolet
927,Codie,Dawidowsky,cdawidowskypq@diigo.com,Male,Chrysler
928,Florie,Dyson,fdysonpr@dot.gov,Female,Porsche
929,Mirabel,Earney,mearneyps@webeden.co.uk,Female,Saab
930,Philip,Martyntsev,pmartyntsevpt@1688.com,Male,Oldsmobile
931,Herb,Hamsson,hhamssonpu@sciencedirect.com,Male,Chrysler
932,Bartie,Votier,bvotierpv@arizona.edu,Male,Geo
933,Quinton,Anersen,qanersenpw@bbc.co.uk,Male,Jeep
934,Wallache,Canti,wcantipx@altervista.org,Male,Volvo
935,Rodi,Henrych,rhenrychpy@nyu.edu,Female,Chrysler
936,Dyana,Lammin,dlamminpz@shop-pro.jp,Female,Buick
937,Harper,Sykora,hsykoraq0@auda.org.au,Male,Lotus
938,Herman,Lassells,hlassellsq1@answers.com,Male,Dodge
939,Verine,Garwood,vgarwoodq2@boston.com,Female,Volvo
940,Leda,Phelipeau,lphelipeauq3@time.com,Female,Austin
941,Lowe,Marchiso,lmarchisoq4@howstuffworks.com,Male,Lexus
942,Raye,Parysiak,rparysiakq5@vk.com,Female,GMC
943,Moria,Ryves,mryvesq6@uiuc.edu,Female,Ford
944,Cassy,Vickers,cvickersq7@php.net,Female,Mitsubishi
945,Josephine,O'Garmen,jogarmenq8@chronoengine.com,Female,GMC
946,Alano,Smaile,asmaileq9@desdev.cn,Male,Volkswagen
947,Thaine,Rosewarne,trosewarneqa@wired.com,Male,Mitsubishi
948,Jamie,Cunnane,jcunnaneqb@ucsd.edu,Male,Saab
949,Brooks,McConigal,bmcconigalqc@lulu.com,Male,Porsche
950,Asher,Garrow,agarrowqd@mozilla.com,Male,Chevrolet
951,Darice,Brownsey,dbrownseyqe@marketwatch.com,Female,Volkswagen
952,Annamaria,Baseggio,abaseggioqf@discuz.net,Female,Volkswagen
953,Rudolph,Van Bruggen,rvanbruggenqg@canalblog.com,Male,Dodge
954,Claiborne,Castleton,ccastletonqh@rambler.ru,Male,Volkswagen
955,Somerset,Braney,sbraneyqi@ameblo.jp,Male,Mercedes-Benz
956,Pepito,Poinsett,ppoinsettqj@dell.com,Male,GMC
957,Pietro,Balsellie,pbalsellieqk@elegantthemes.com,Male,Kia
958,Verne,Aubin,vaubinql@marketwatch.com,Male,Chevrolet
959,Artemus,Philbin,aphilbinqm@boston.com,Male,Hyundai
960,Raphael,Cape,rcapeqn@wufoo.com,Male,Chevrolet
961,Sansone,Littleproud,slittleproudqo@tinypic.com,Male,GMC
962,Billie,Lawlee,blawleeqp@npr.org,Male,Nissan
963,Kellen,Breawood,kbreawoodqq@google.com,Male,Toyota
964,Calypso,Di Maria,cdimariaqr@drupal.org,Female,Buick
965,Sanders,Raithby,sraithbyqs@1688.com,Male,Geo
966,Sheridan,Allderidge,sallderidgeqt@webmd.com,Male,Dodge
967,Karoly,Barensky,kbarenskyqu@ow.ly,Female,Acura
968,Vivia,Hupka,vhupkaqv@mail.ru,Female,Hyundai
969,Maynard,Pargeter,mpargeterqw@csmonitor.com,Male,Jeep
970,Alden,Syratt,asyrattqx@examiner.com,Male,Mazda
971,Venus,Axelbey,vaxelbeyqy@surveymonkey.com,Female,Dodge
972,Bessy,Conkay,bconkayqz@yahoo.co.jp,Female,Jaguar
973,Ruben,Aasaf,raasafr0@timesonline.co.uk,Male,Dodge
974,Gabriell,Akers,gakersr1@mysql.com,Female,Mercedes-Benz
975,Giustino,Kester,gkesterr2@stanford.edu,Male,Hyundai
976,Taddeusz,Kitchen,tkitchenr3@google.com.au,Male,Volvo
977,Willa,Coey,wcoeyr4@vistaprint.com,Female,GMC
978,Colin,Geke,cgeker5@hexun.com,Male,Audi
979,Suzie,Ibeson,sibesonr6@pen.io,Female,Dodge
980,Earle,Fonzone,efonzoner7@columbia.edu,Male,Nissan
981,Danielle,Purvis,dpurvisr8@bizjournals.com,Female,Plymouth
982,Rene,Van Hault,rvanhaultr9@yahoo.co.jp,Female,Mitsubishi
983,Clio,Chrstine,cchrstinera@archive.org,Female,Lincoln
984,Mariska,Geer,mgeerrb@ameblo.jp,Female,Lexus
985,Esmeralda,Rosbotham,erosbothamrc@comcast.net,Female,Kia
986,Verine,Tuxwell,vtuxwellrd@mapquest.com,Female,Mazda
987,Bat,Moynihan,bmoynihanre@storify.com,Male,Mercedes-Benz
988,Jake,Ponder,jponderrf@indiatimes.com,Male,Ford
989,Case,Blodgett,cblodgettrg@state.tx.us,Male,Volvo
990,Terencio,McCorley,tmccorleyrh@craigslist.org,Male,Infiniti
991,Freeland,Hatrey,fhatreyri@biglobe.ne.jp,Male,Corbin
992,Garey,Bremeyer,gbremeyerrj@woothemes.com,Male,Toyota
993,Sammie,De Gowe,sdegowerk@e-recht24.de,Male,BMW
994,Teodoro,Erbe,terberl@last.fm,Male,Porsche
995,Adolpho,Montez,amontezrm@wisc.edu,Male,Ford
996,Ida,Croker,icrokerrn@aol.com,Female,Chevrolet
997,Redd,Ghiraldi,rghiraldiro@4shared.com,Male,Ford
998,Ephrayim,Ozanne,eozannerp@mediafire.com,Male,Volvo
999,Travers,O'Loughnan,toloughnanrq@ovh.net,Male,Toyota
1000,Aggy,Burris,aburrisrr@google.de,Female,Buick
